Source,Target,Interaction,Weight
0,0,M,4
0,2,M,2
0,53,M,1
0,54,M,1
0,55,M,1
0,56,M,1
0,57,M,1
0,11,M,1
0,58,M,1
0,59,M,2
0,60,M,1
0,61,M,1
0,62,M,1
0,63,M,3
0,64,M,2
0,65,M,1
0,44,M,1
0,66,M,1
0,47,M,2
0,67,M,1
2,0,M,5
2,70,M,1
2,2,M,2
2,71,M,1
2,72,M,1
2,73,M,1
2,74,M,1
2,75,M,1
2,76,M,2
2,77,M,1
2,78,M,1
2,79,M,2
2,10,M,1
2,57,M,2
2,11,M,1
2,58,M,1
2,80,M,1
2,81,M,2
2,82,M,1
2,16,M,1
2,83,M,1
2,84,M,2
2,85,M,1
2,86,M,2
2,87,M,1
2,88,M,1
2,89,M,1
2,33,M,1
2,90,M,1
2,44,M,1
2,66,M,1
2,47,M,1
2,67,M,1
11,0,M,3
11,196,M,1
11,2,M,2
11,10,M,2
11,11,M,3
11,179,M,2
11,197,M,1
11,131,M,1
11,198,M,1
11,40,M,1
11,135,M,2
11,47,M,4
44,0,M,4
44,1355,M,1
44,2,M,4
44,1356,M,1
44,1357,M,1
44,654,M,1
44,850,M,1
44,316,M,1
44,318,M,1
44,1358,M,1
44,1359,M,1
44,1360,M,1
44,1361,M,1
44,237,M,2
44,690,M,1
44,1362,M,1
44,10,M,1
44,57,M,1
44,1363,M,1
44,58,M,2
44,717,M,1
44,399,M,1
44,718,M,1
44,1364,M,1
44,1365,M,1
44,246,M,1
44,247,M,1
44,129,M,2
44,200,M,1
44,252,M,1
44,253,M,3
44,85,M,3
44,23,M,1
44,86,M,2
44,60,M,2
44,741,M,1
44,1366,M,1
44,1367,M,1
44,1368,M,1
44,29,M,3
44,1092,M,1
44,1369,M,1
44,475,M,2
44,759,M,2
44,502,M,1
44,267,M,1
44,269,M,5
44,270,M,2
44,44,M,8
44,273,M,1
44,66,M,1
44,67,M,1
44,275,M,2
47,1376,M,1
47,0,M,6
47,1377,M,1
47,1378,M,1
47,1379,M,1
47,2,M,3
47,1380,M,2
47,53,M,2
47,1381,M,1
47,1382,M,1
47,55,M,1
47,1118,M,1
47,74,M,1
47,1383,M,1
47,76,M,2
47,555,M,2
47,1125,M,1
47,123,M,1
47,1384,M,1
47,1131,M,1
47,1134,M,1
47,564,M,1
47,10,M,1
47,11,M,4
47,58,M,2
47,1385,M,1
47,126,M,6
47,1386,M,1
47,572,M,3
47,176,M,1
47,1387,M,1
47,1388,M,1
47,81,M,1
47,402,M,1
47,179,M,1
47,727,M,1
47,1389,M,1
47,1390,M,2
47,19,M,1
47,113,M,1
47,85,M,1
47,1300,M,1
47,1161,M,1
47,59,M,1
47,60,M,1
47,1391,M,1
47,1392,M,1
47,458,M,1
47,29,M,1
47,1393,M,1
47,1394,M,1
47,586,M,1
47,1179,M,1
47,134,M,1
47,40,M,1
47,1191,M,1
47,1192,M,1
47,43,M,2
47,525,M,1
47,1196,M,2
47,629,M,1
47,47,M,15
47,52,M,1
1,4,M,1
1,68,M,1
1,69,M,1
4,100,M,1
4,101,M,1
4,102,M,1
4,25,M,1
4,26,M,1
4,103,M,1
10,164,M,1
10,165,M,1
10,166,M,1
10,2,M,1
10,53,M,1
10,167,M,1
10,168,M,2
10,55,M,2
10,169,M,2
10,170,M,1
10,8,M,1
10,171,M,1
10,172,M,1
10,173,M,1
10,10,M,21
10,174,M,1
10,175,M,2
10,11,M,1
10,176,M,1
10,177,M,1
10,178,M,1
10,179,M,8
10,180,M,2
10,181,M,1
10,182,M,1
10,183,M,1
10,19,M,4
10,184,M,1
10,102,M,2
10,185,M,2
10,186,M,1
10,25,M,4
10,26,M,2
10,187,M,1
10,188,M,1
10,189,M,1
10,29,M,1
10,190,M,1
10,103,M,2
10,191,M,3
10,192,M,1
10,193,M,1
10,194,M,3
10,195,M,7
16,0,M,12
16,70,M,1
16,228,M,1
16,229,M,1
16,2,M,3
16,53,M,1
16,230,M,1
16,231,M,1
16,232,M,1
16,5,M,1
16,233,M,1
16,76,M,2
16,234,M,1
16,235,M,1
16,236,M,1
16,237,M,4
16,77,M,1
16,238,M,1
16,239,M,1
16,9,M,2
16,240,M,1
16,241,M,1
16,242,M,1
16,243,M,1
16,244,M,1
16,10,M,1
16,57,M,1
16,11,M,1
16,58,M,3
16,245,M,1
16,246,M,4
16,247,M,1
16,248,M,1
16,200,M,1
16,249,M,1
16,250,M,1
16,251,M,1
16,252,M,4
16,253,M,1
16,96,M,1
16,21,M,1
16,254,M,1
16,85,M,1
16,23,M,1
16,255,M,1
16,256,M,1
16,257,M,1
16,258,M,1
16,59,M,1
16,259,M,1
16,260,M,1
16,261,M,2
16,262,M,1
16,263,M,1
16,29,M,2
16,264,M,1
16,33,M,1
16,191,M,1
16,64,M,1
16,265,M,1
16,266,M,1
16,267,M,1
16,268,M,2
16,269,M,2
16,42,M,1
16,270,M,4
16,271,M,1
16,44,M,3
16,272,M,1
16,273,M,1
16,47,M,3
16,274,M,1
16,275,M,1
33,1086,M,1
33,1087,M,1
33,168,M,1
33,1088,M,1
33,903,M,1
33,101,M,1
33,57,M,1
33,1089,M,1
33,246,M,1
33,1090,M,1
33,252,M,1
33,20,M,1
33,96,M,1
33,25,M,1
33,26,M,1
33,885,M,1
33,1091,M,1
33,1092,M,1
33,63,M,1
33,1093,M,1
33,1094,M,1
33,622,M,1
33,624,M,1
33,221,M,1
33,894,M,1
33,631,M,1
33,1095,M,1
3,91,M,3
3,3,M,2
3,92,M,5
3,93,M,3
3,94,M,1
3,95,M,1
3,83,M,1
3,96,M,1
3,22,M,1
3,34,M,3
3,97,M,1
3,98,M,3
3,99,M,1
22,789,M,5
22,790,M,1
22,791,M,1
22,792,M,1
22,793,M,4
22,794,M,1
22,53,M,3
22,91,M,1
22,92,M,2
22,795,M,3
22,93,M,1
22,796,M,3
22,207,M,1
22,797,M,1
22,798,M,6
22,799,M,2
22,800,M,5
22,801,M,1
22,802,M,1
22,803,M,1
22,804,M,3
22,805,M,1
22,10,M,1
22,806,M,4
22,58,M,1
22,807,M,1
22,808,M,1
22,81,M,1
22,809,M,1
22,810,M,1
22,811,M,1
22,812,M,2
22,813,M,1
22,814,M,1
22,815,M,1
22,84,M,3
22,816,M,7
22,96,M,4
22,817,M,3
22,818,M,23
22,819,M,1
22,820,M,3
22,22,M,34
22,821,M,1
22,822,M,1
22,216,M,1
22,823,M,1
22,824,M,1
22,825,M,2
22,826,M,3
22,69,M,10
22,827,M,1
22,828,M,2
22,190,M,8
22,31,M,5
22,34,M,1
22,829,M,5
22,830,M,2
22,831,M,4
22,832,M,2
22,833,M,1
22,834,M,1
22,835,M,1
22,836,M,1
22,837,M,1
22,838,M,1
22,839,M,5
22,840,M,1
22,193,M,1
22,841,M,2
22,842,M,5
22,98,M,1
22,202,M,7
22,843,M,1
22,844,M,3
22,99,M,2
22,845,M,1
22,846,M,1
22,847,M,1
22,848,M,1
34,1096,M,1
34,91,M,1
34,3,M,2
34,92,M,1
34,93,M,1
34,94,M,1
34,808,M,1
34,1097,M,1
34,22,M,1
34,34,M,1
34,97,M,1
34,1098,M,1
34,831,M,1
34,1099,M,1
34,98,M,1
34,846,M,1
25,864,M,2
25,865,M,1
25,166,M,1
25,53,M,1
25,866,M,3
25,867,M,2
25,168,M,1
25,868,M,1
25,869,M,1
25,870,M,3
25,55,M,1
25,169,M,1
25,871,M,4
25,872,M,1
25,873,M,1
25,874,M,1
25,875,M,1
25,876,M,3
25,877,M,1
25,878,M,2
25,10,M,7
25,101,M,3
25,373,M,1
25,879,M,2
25,880,M,1
25,13,M,2
25,881,M,2
25,180,M,1
25,882,M,1
25,883,M,1
25,82,M,2
25,884,M,2
25,19,M,1
25,102,M,1
25,25,M,14
25,26,M,2
25,885,M,1
25,886,M,1
25,887,M,1
25,888,M,3
25,29,M,1
25,69,M,1
25,889,M,1
25,31,M,1
25,32,M,2
25,103,M,2
25,33,M,3
25,890,M,4
25,891,M,1
25,42,M,1
25,892,M,1
25,893,M,2
25,894,M,1
25,895,M,1
25,45,M,2
25,896,M,1
25,897,M,1
25,785,M,1
25,48,M,2
25,898,M,1
26,899,M,3
26,900,M,1
26,0,M,1
26,1,M,5
26,166,M,1
26,2,M,1
26,53,M,1
26,656,M,3
26,901,M,1
26,4,M,7
26,55,M,2
26,902,M,1
26,903,M,1
26,9,M,8
26,801,M,2
26,904,M,1
26,10,M,4
26,373,M,1
26,210,M,1
26,905,M,3
26,11,M,1
26,58,M,1
26,126,M,1
26,906,M,1
26,68,M,3
26,13,M,2
26,180,M,1
26,406,M,1
26,248,M,1
26,82,M,3
26,15,M,27
26,252,M,1
26,96,M,2
26,23,M,5
26,907,M,1
26,59,M,3
26,25,M,3
26,610,M,2
26,26,M,29
26,217,M,1
26,908,M,3
26,909,M,3
26,910,M,2
26,262,M,1
26,69,M,1
26,31,M,1
26,32,M,8
26,103,M,3
26,33,M,1
26,911,M,2
26,485,M,1
26,490,M,1
26,37,M,4
26,912,M,1
26,267,M,2
26,913,M,4
26,836,M,1
26,914,M,2
26,915,M,1
26,41,M,2
26,151,M,3
26,916,M,2
26,193,M,9
26,894,M,2
26,48,M,1
26,52,M,1
5,5,M,1
5,74,M,2
5,104,M,1
5,105,M,1
5,10,M,3
5,81,M,4
5,106,M,1
5,107,M,1
5,26,M,1
5,108,M,2
5,64,M,1
6,109,M,1
6,110,M,1
6,111,M,1
6,6,M,5
6,112,M,5
6,113,M,1
6,20,M,4
6,114,M,1
6,115,M,1
6,116,M,2
6,117,M,1
6,118,M,1
6,119,M,1
20,596,M,1
20,0,M,4
20,597,M,1
20,2,M,2
20,53,M,1
20,598,M,1
20,599,M,1
20,6,M,4
20,600,M,1
20,236,M,1
20,601,M,1
20,602,M,1
20,58,M,1
20,603,M,1
20,604,M,1
20,605,M,1
20,112,M,7
20,81,M,1
20,106,M,3
20,606,M,1
20,246,M,1
20,82,M,1
20,250,M,1
20,252,M,3
20,607,M,1
20,113,M,1
20,20,M,14
20,96,M,1
20,608,M,1
20,609,M,1
20,610,M,1
20,611,M,1
20,612,M,1
20,60,M,2
20,613,M,1
20,29,M,1
20,614,M,1
20,615,M,1
20,33,M,1
20,191,M,1
20,616,M,1
20,36,M,1
20,586,M,1
20,617,M,1
20,618,M,1
20,619,M,1
20,266,M,1
20,620,M,1
20,621,M,1
20,622,M,2
20,623,M,1
20,41,M,1
20,151,M,1
20,624,M,1
20,221,M,2
20,625,M,1
20,525,M,1
20,626,M,1
20,627,M,1
20,628,M,1
20,629,M,1
20,630,M,1
20,631,M,1
20,47,M,1
20,632,M,1
20,633,M,1
7,120,M,1
7,121,M,1
7,122,M,1
7,123,M,1
7,124,M,1
7,125,M,1
7,126,M,1
7,127,M,1
7,128,M,1
7,129,M,1
7,130,M,1
7,131,M,1
7,132,M,1
7,133,M,1
7,134,M,1
7,135,M,2
7,136,M,1
7,52,M,1
52,900,M,1
52,1423,M,1
52,0,M,3
52,1424,M,1
52,1425,M,1
52,1426,M,1
52,2,M,1
52,53,M,3
52,1105,M,1
52,54,M,1
52,1427,M,1
52,1428,M,1
52,547,M,1
52,1429,M,1
52,549,M,1
52,1430,M,1
52,1431,M,1
52,339,M,2
52,76,M,1
52,1341,M,1
52,1432,M,1
52,235,M,1
52,1125,M,1
52,1433,M,1
52,123,M,1
52,1434,M,1
52,1316,M,1
52,560,M,1
52,8,M,1
52,1435,M,1
52,1436,M,1
52,9,M,3
52,1437,M,1
52,1438,M,1
52,125,M,2
52,1134,M,1
52,563,M,1
52,1439,M,1
52,564,M,2
52,1137,M,1
52,10,M,1
52,1440,M,1
52,57,M,2
52,210,M,1
52,565,M,1
52,567,M,2
52,568,M,1
52,1143,M,1
52,58,M,3
52,1441,M,1
52,1442,M,1
52,126,M,11
52,572,M,5
52,1443,M,1
52,1444,M,1
52,81,M,2
52,1295,M,1
52,128,M,1
52,1445,M,1
52,727,M,1
52,248,M,2
52,15,M,4
52,1446,M,2
52,991,M,1
52,19,M,12
52,113,M,1
52,21,M,1
52,85,M,1
52,1300,M,1
52,1447,M,2
52,86,M,1
52,26,M,1
52,1391,M,1
52,262,M,2
52,30,M,1
52,1092,M,1
52,33,M,1
52,1176,M,1
52,108,M,1
52,586,M,2
52,64,M,2
52,1183,M,1
52,192,M,1
52,1448,M,1
52,40,M,1
52,1449,M,1
52,1192,M,1
52,1450,M,1
52,271,M,1
52,525,M,1
52,1196,M,1
52,203,M,1
52,1199,M,2
52,1202,M,1
52,1204,M,1
52,47,M,3
52,592,M,1
52,52,M,13
52,1451,M,1
52,1452,M,1
8,137,M,1
8,138,M,1
8,139,M,1
8,140,M,2
8,141,M,1
8,142,M,1
8,8,M,13
8,143,M,2
8,10,M,3
8,144,M,1
8,145,M,1
8,146,M,8
8,128,M,2
8,21,M,14
8,147,M,1
8,148,M,3
8,149,M,1
8,150,M,1
8,133,M,1
8,151,M,2
8,152,M,1
8,153,M,1
8,154,M,1
8,136,M,1
8,155,M,3
21,634,M,1
21,635,M,1
21,636,M,1
21,637,M,1
21,638,M,4
21,639,M,1
21,0,M,9
21,640,M,1
21,70,M,1
21,641,M,1
21,228,M,1
21,642,M,1
21,643,M,1
21,644,M,1
21,645,M,1
21,646,M,1
21,647,M,1
21,648,M,1
21,649,M,1
21,2,M,3
21,53,M,2
21,167,M,1
21,650,M,1
21,651,M,1
21,652,M,1
21,653,M,1
21,654,M,1
21,655,M,1
21,656,M,1
21,657,M,2
21,658,M,1
21,659,M,1
21,660,M,2
21,318,M,1
21,232,M,1
21,661,M,1
21,662,M,1
21,663,M,1
21,664,M,1
21,665,M,1
21,666,M,8
21,667,M,1
21,668,M,1
21,75,M,1
21,669,M,1
21,670,M,1
21,671,M,1
21,672,M,1
21,673,M,1
21,236,M,1
21,237,M,1
21,674,M,1
21,77,M,2
21,675,M,1
21,676,M,1
21,677,M,2
21,678,M,1
21,679,M,1
21,8,M,12
21,680,M,1
21,681,M,1
21,78,M,1
21,682,M,1
21,683,M,1
21,684,M,1
21,685,M,1
21,686,M,1
21,687,M,1
21,688,M,1
21,689,M,1
21,690,M,1
21,691,M,1
21,692,M,1
21,693,M,1
21,694,M,2
21,695,M,2
21,696,M,1
21,697,M,2
21,698,M,1
21,699,M,1
21,10,M,1
21,700,M,1
21,701,M,1
21,702,M,1
21,57,M,2
21,703,M,1
21,704,M,1
21,11,M,2
21,705,M,3
21,706,M,1
21,707,M,1
21,708,M,1
21,709,M,1
21,710,M,1
21,711,M,1
21,712,M,1
21,713,M,1
21,714,M,1
21,715,M,1
21,716,M,1
21,717,M,1
21,399,M,1
21,81,M,1
21,718,M,1
21,719,M,1
21,720,M,1
21,146,M,4
21,721,M,1
21,722,M,1
21,723,M,1
21,724,M,1
21,246,M,2
21,725,M,1
21,726,M,1
21,727,M,2
21,82,M,1
21,728,M,4
21,729,M,1
21,730,M,1
21,731,M,1
21,732,M,1
21,733,M,1
21,734,M,1
21,253,M,1
21,735,M,1
21,21,M,19
21,85,M,5
21,736,M,2
21,737,M,1
21,738,M,1
21,739,M,1
21,610,M,1
21,86,M,3
21,60,M,1
21,740,M,1
21,741,M,1
21,742,M,1
21,743,M,1
21,744,M,1
21,745,M,1
21,746,M,1
21,87,M,1
21,261,M,1
21,747,M,1
21,748,M,1
21,749,M,1
21,750,M,1
21,751,M,1
21,752,M,1
21,753,M,1
21,754,M,1
21,755,M,4
21,756,M,1
21,757,M,1
21,758,M,1
21,759,M,2
21,760,M,1
21,33,M,1
21,761,M,1
21,63,M,2
21,762,M,1
21,763,M,3
21,764,M,1
21,36,M,2
21,765,M,1
21,766,M,1
21,767,M,1
21,108,M,2
21,768,M,1
21,769,M,1
21,770,M,1
21,771,M,1
21,502,M,1
21,772,M,1
21,133,M,2
21,773,M,1
21,774,M,1
21,268,M,1
21,775,M,3
21,776,M,1
21,41,M,1
21,151,M,1
21,777,M,1
21,269,M,1
21,270,M,2
21,778,M,1
21,779,M,1
21,780,M,1
21,44,M,2
21,781,M,1
21,782,M,2
21,136,M,4
21,783,M,1
21,155,M,1
21,66,M,1
21,47,M,2
21,784,M,1
21,785,M,1
21,67,M,1
21,786,M,1
21,787,M,1
21,788,M,1
9,156,M,1
9,157,M,1
9,4,M,1
9,158,M,1
9,159,M,1
9,68,M,1
9,160,M,1
9,161,M,1
9,162,M,1
9,26,M,1
9,163,M,1
19,544,M,1
19,545,M,1
19,546,M,1
19,547,M,1
19,548,M,1
19,549,M,2
19,550,M,3
19,551,M,1
19,552,M,2
19,553,M,1
19,76,M,1
19,554,M,1
19,555,M,2
19,556,M,1
19,557,M,1
19,558,M,1
19,559,M,1
19,560,M,1
19,7,M,1
19,8,M,1
19,561,M,1
19,9,M,1
19,125,M,2
19,562,M,1
19,563,M,1
19,564,M,1
19,565,M,1
19,566,M,1
19,567,M,12
19,568,M,1
19,569,M,1
19,126,M,4
19,570,M,1
19,571,M,1
19,572,M,5
19,176,M,1
19,179,M,1
19,15,M,1
19,573,M,1
19,574,M,1
19,575,M,1
19,576,M,1
19,577,M,1
19,578,M,1
19,19,M,15
19,579,M,1
19,580,M,1
19,581,M,1
19,582,M,1
19,583,M,1
19,584,M,1
19,585,M,1
19,198,M,1
19,586,M,2
19,587,M,1
19,588,M,1
19,589,M,1
19,590,M,1
19,271,M,2
19,203,M,2
19,591,M,1
19,47,M,1
19,592,M,2
19,593,M,2
19,52,M,2
19,594,M,1
19,595,M,1
29,0,M,2
29,164,M,1
29,944,M,2
29,945,M,1
29,946,M,2
29,933,M,1
29,165,M,2
29,166,M,18
29,2,M,1
29,53,M,8
29,947,M,1
29,948,M,2
29,866,M,1
29,949,M,1
29,867,M,1
29,950,M,1
29,951,M,3
29,952,M,2
29,795,M,2
29,953,M,3
29,55,M,1
29,954,M,1
29,318,M,1
29,955,M,2
29,169,M,1
29,5,M,1
29,956,M,1
29,957,M,1
29,958,M,1
29,959,M,1
29,960,M,1
29,961,M,1
29,962,M,1
29,797,M,1
29,963,M,1
29,170,M,1
29,77,M,5
29,964,M,1
29,965,M,1
29,876,M,1
29,800,M,1
29,171,M,2
29,966,M,1
29,967,M,1
29,968,M,1
29,172,M,1
29,969,M,1
29,361,M,1
29,970,M,1
29,173,M,1
29,601,M,1
29,971,M,2
29,972,M,1
29,973,M,5
29,10,M,46
29,974,M,1
29,101,M,1
29,975,M,1
29,57,M,5
29,174,M,4
29,372,M,1
29,175,M,2
29,373,M,3
29,210,M,8
29,567,M,1
29,11,M,2
29,976,M,1
29,58,M,14
29,977,M,1
29,176,M,1
29,177,M,2
29,978,M,2
29,13,M,5
29,81,M,1
29,979,M,2
29,178,M,2
29,179,M,4
29,180,M,3
29,980,M,2
29,606,M,3
29,981,M,5
29,982,M,1
29,983,M,1
29,727,M,1
29,984,M,2
29,985,M,1
29,82,M,1
29,15,M,2
29,986,M,1
29,17,M,2
29,987,M,1
29,988,M,1
29,989,M,1
29,990,M,2
29,991,M,4
29,992,M,3
29,252,M,7
29,19,M,3
29,993,M,1
29,20,M,2
29,253,M,2
29,994,M,1
29,21,M,4
29,22,M,2
29,185,M,1
29,995,M,1
29,996,M,1
29,997,M,1
29,998,M,1
29,999,M,1
29,186,M,1
29,1000,M,1
29,1001,M,2
29,25,M,7
29,610,M,9
29,26,M,2
29,216,M,3
29,217,M,1
29,1002,M,1
29,1003,M,1
29,1004,M,1
29,1005,M,1
29,187,M,1
29,1006,M,2
29,1007,M,1
29,909,M,1
29,189,M,8
29,1008,M,1
29,888,M,1
29,1009,M,1
29,1010,M,1
29,929,M,2
29,1011,M,1
29,1012,M,1
29,29,M,23
29,1013,M,1
29,69,M,5
29,1014,M,1
29,190,M,1
29,31,M,5
29,32,M,5
29,475,M,2
29,1015,M,1
29,33,M,9
29,1016,M,1
29,1017,M,1
29,191,M,1
29,829,M,1
29,1018,M,2
29,1019,M,3
29,1020,M,1
29,1021,M,2
29,1022,M,4
29,1023,M,1
29,1024,M,1
29,64,M,2
29,1025,M,1
29,1026,M,3
29,37,M,2
29,192,M,1
29,1027,M,2
29,266,M,1
29,1028,M,1
29,1029,M,1
29,505,M,2
29,835,M,1
29,1030,M,1
29,268,M,4
29,134,M,1
29,41,M,2
29,1031,M,1
29,269,M,1
29,916,M,3
29,1032,M,1
29,1033,M,2
29,1034,M,4
29,193,M,2
29,44,M,4
29,1035,M,1
29,1036,M,3
29,224,M,1
29,1037,M,1
29,194,M,2
29,1038,M,1
29,1039,M,1
29,1040,M,1
29,136,M,2
29,195,M,2
29,1041,M,1
29,1042,M,1
29,1043,M,1
29,1044,M,1
29,47,M,1
29,1045,M,1
29,226,M,1
29,48,M,3
29,52,M,1
29,1046,M,1
29,1047,M,1
29,1048,M,1
29,1049,M,1
40,1279,M,1
40,0,M,4
40,1280,M,2
40,1281,M,1
40,1282,M,1
40,2,M,2
40,53,M,3
40,1283,M,1
40,1066,M,1
40,1105,M,1
40,1284,M,1
40,232,M,1
40,74,M,1
40,1285,M,1
40,1123,M,2
40,555,M,1
40,123,M,3
40,77,M,1
40,1286,M,1
40,1127,M,4
40,1287,M,1
40,1288,M,1
40,562,M,1
40,564,M,1
40,1289,M,1
40,1137,M,1
40,1290,M,1
40,10,M,1
40,1291,M,2
40,57,M,1
40,1292,M,1
40,1143,M,1
40,704,M,1
40,11,M,8
40,58,M,4
40,1293,M,1
40,126,M,12
40,572,M,2
40,1294,M,1
40,1295,M,1
40,402,M,1
40,179,M,1
40,246,M,1
40,247,M,1
40,1296,M,1
40,1297,M,1
40,1149,M,3
40,197,M,2
40,200,M,1
40,1298,M,1
40,19,M,1
40,85,M,1
40,1299,M,1
40,1300,M,1
40,1301,M,1
40,59,M,1
40,1302,M,1
40,261,M,1
40,29,M,1
40,62,M,1
40,1017,M,1
40,1175,M,1
40,1180,M,3
40,1183,M,1
40,268,M,1
40,40,M,14
40,590,M,1
40,1191,M,1
40,1192,M,3
40,1303,M,1
40,203,M,3
40,1202,M,1
40,1304,M,1
40,1204,M,1
40,47,M,7
40,52,M,1
40,275,M,1
40,1305,M,1
12,12,M,1
12,25,M,1
13,2,M,1
13,199,M,1
13,200,M,1
13,44,M,1
14,126,M,1
14,201,M,1
14,202,M,1
14,203,M,1
15,204,M,1
15,205,M,3
15,206,M,1
15,74,M,1
15,207,M,1
15,208,M,1
15,170,M,1
15,209,M,1
15,173,M,5
15,174,M,1
15,210,M,1
15,211,M,1
15,13,M,1
15,212,M,1
15,213,M,1
15,15,M,27
15,19,M,4
15,214,M,4
15,215,M,1
15,25,M,1
15,216,M,1
15,217,M,1
15,218,M,1
15,219,M,6
15,190,M,2
15,32,M,7
15,33,M,1
15,37,M,1
15,134,M,2
15,220,M,2
15,221,M,1
15,222,M,1
15,223,M,8
15,193,M,2
15,224,M,1
15,225,M,1
15,226,M,1
15,227,M,1
32,1062,M,1
32,1,M,1
32,1063,M,1
32,1064,M,2
32,166,M,1
32,1065,M,1
32,1066,M,1
32,1067,M,1
32,1068,M,1
32,1069,M,1
32,1070,M,1
32,1071,M,1
32,10,M,1
32,1072,M,1
32,373,M,1
32,1073,M,1
32,1074,M,1
32,13,M,1
32,81,M,1
32,15,M,3
32,1075,M,1
32,1076,M,1
32,25,M,1
32,743,M,1
32,1077,M,1
32,1078,M,1
32,69,M,1
32,31,M,1
32,32,M,10
32,485,M,1
32,1079,M,1
32,1080,M,1
32,1081,M,1
32,1082,M,1
32,1083,M,1
32,1084,M,4
32,1085,M,1
32,48,M,1
37,1215,M,1
37,1216,M,1
37,1217,M,1
37,1218,M,1
37,173,M,1
37,1219,M,1
37,1220,M,3
37,210,M,1
37,905,M,1
37,1221,M,1
37,1222,M,1
37,82,M,1
37,1223,M,1
37,1224,M,1
37,1225,M,3
37,252,M,1
37,1226,M,1
37,1227,M,1
37,33,M,1
37,1228,M,1
37,1229,M,2
37,1230,M,1
37,1231,M,1
37,1232,M,2
37,37,M,5
37,1233,M,1
37,913,M,1
37,1234,M,1
37,1235,M,1
37,222,M,1
37,1236,M,1
37,1237,M,2
37,1238,M,1
37,1239,M,1
37,1240,M,1
37,1241,M,1
37,1242,M,1
23,596,M,1
23,849,M,1
23,0,M,10
23,1,M,1
23,2,M,6
23,53,M,2
23,54,M,1
23,850,M,1
23,660,M,1
23,232,M,1
23,5,M,1
23,74,M,1
23,666,M,1
23,851,M,1
23,852,M,1
23,76,M,1
23,853,M,1
23,854,M,1
23,237,M,4
23,77,M,1
23,9,M,1
23,855,M,1
23,173,M,1
23,10,M,1
23,58,M,4
23,705,M,1
23,856,M,1
23,717,M,2
23,81,M,1
23,606,M,1
23,246,M,7
23,725,M,1
23,857,M,1
23,727,M,1
23,253,M,2
23,21,M,2
23,85,M,1
23,23,M,2
23,26,M,1
23,261,M,1
23,29,M,1
23,62,M,1
23,470,M,1
23,63,M,2
23,763,M,1
23,108,M,5
23,64,M,2
23,267,M,4
23,268,M,1
23,151,M,1
23,269,M,5
23,858,M,1
23,270,M,4
23,44,M,5
23,859,M,1
23,860,M,1
23,273,M,1
23,47,M,2
23,52,M,1
42,1329,M,1
42,1330,M,1
42,1331,M,1
42,1332,M,1
42,1333,M,1
42,608,M,1
42,1334,M,1
42,37,M,1
42,1335,M,1
42,42,M,1
42,203,M,1
42,1336,M,1
17,276,M,1
17,277,M,1
17,278,M,2
17,279,M,1
17,280,M,1
17,0,M,1
17,281,M,1
17,282,M,1
17,283,M,1
17,284,M,1
17,285,M,1
17,286,M,2
17,156,M,10
17,287,M,1
17,288,M,6
17,289,M,1
17,290,M,1
17,291,M,1
17,166,M,9
17,53,M,5
17,292,M,1
17,293,M,4
17,294,M,2
17,295,M,2
17,296,M,2
17,297,M,1
17,298,M,2
17,299,M,1
17,300,M,1
17,301,M,1
17,302,M,2
17,303,M,2
17,304,M,2
17,305,M,1
17,306,M,1
17,307,M,1
17,231,M,1
17,308,M,1
17,309,M,1
17,310,M,1
17,311,M,3
17,312,M,2
17,313,M,1
17,55,M,1
17,314,M,1
17,315,M,1
17,316,M,1
17,317,M,2
17,318,M,2
17,319,M,1
17,320,M,3
17,321,M,2
17,322,M,1
17,323,M,1
17,324,M,1
17,325,M,1
17,158,M,1
17,326,M,1
17,159,M,1
17,74,M,16
17,327,M,1
17,328,M,2
17,329,M,4
17,330,M,1
17,331,M,2
17,332,M,2
17,333,M,1
17,207,M,3
17,334,M,1
17,335,M,2
17,336,M,1
17,337,M,2
17,338,M,2
17,339,M,6
17,340,M,1
17,341,M,8
17,234,M,1
17,342,M,1
17,343,M,1
17,344,M,2
17,345,M,1
17,346,M,1
17,238,M,1
17,347,M,1
17,348,M,1
17,349,M,3
17,350,M,15
17,351,M,1
17,352,M,1
17,353,M,1
17,354,M,1
17,355,M,3
17,356,M,2
17,357,M,1
17,9,M,2
17,358,M,1
17,359,M,1
17,360,M,1
17,361,M,1
17,362,M,1
17,241,M,1
17,363,M,1
17,242,M,1
17,243,M,1
17,364,M,1
17,244,M,2
17,365,M,1
17,366,M,1
17,367,M,1
17,368,M,1
17,10,M,11
17,369,M,1
17,370,M,1
17,57,M,5
17,371,M,1
17,372,M,1
17,373,M,9
17,374,M,1
17,375,M,1
17,376,M,1
17,377,M,1
17,378,M,1
17,379,M,2
17,380,M,2
17,381,M,1
17,382,M,1
17,58,M,4
17,383,M,1
17,384,M,1
17,385,M,1
17,386,M,1
17,387,M,2
17,388,M,1
17,389,M,1
17,390,M,1
17,391,M,1
17,392,M,6
17,393,M,1
17,394,M,1
17,395,M,1
17,160,M,6
17,396,M,1
17,397,M,1
17,13,M,10
17,398,M,1
17,399,M,2
17,400,M,2
17,81,M,11
17,401,M,2
17,106,M,5
17,402,M,2
17,403,M,5
17,404,M,2
17,179,M,1
17,405,M,1
17,180,M,1
17,406,M,1
17,407,M,1
17,408,M,1
17,409,M,1
17,410,M,1
17,411,M,1
17,412,M,1
17,413,M,1
17,414,M,1
17,415,M,1
17,416,M,1
17,417,M,2
17,418,M,3
17,419,M,1
17,82,M,2
17,420,M,1
17,421,M,1
17,422,M,4
17,423,M,1
17,17,M,4
17,424,M,1
17,425,M,1
17,426,M,1
17,251,M,1
17,427,M,1
17,428,M,2
17,429,M,1
17,113,M,1
17,430,M,1
17,431,M,1
17,432,M,1
17,433,M,1
17,434,M,1
17,435,M,5
17,436,M,4
17,437,M,1
17,85,M,1
17,23,M,1
17,438,M,1
17,439,M,1
17,255,M,1
17,440,M,1
17,258,M,1
17,441,M,27
17,442,M,2
17,443,M,1
17,444,M,2
17,445,M,1
17,25,M,9
17,86,M,2
17,446,M,1
17,447,M,1
17,259,M,1
17,26,M,1
17,448,M,1
17,449,M,1
17,450,M,1
17,451,M,1
17,452,M,7
17,453,M,1
17,454,M,1
17,455,M,1
17,456,M,1
17,457,M,2
17,458,M,1
17,459,M,1
17,460,M,3
17,461,M,1
17,263,M,1
17,462,M,1
17,463,M,1
17,29,M,10
17,464,M,1
17,465,M,1
17,466,M,1
17,467,M,1
17,69,M,9
17,468,M,1
17,469,M,1
17,470,M,2
17,31,M,9
17,471,M,1
17,32,M,9
17,472,M,2
17,473,M,2
17,474,M,1
17,475,M,4
17,476,M,1
17,33,M,1
17,477,M,1
17,478,M,1
17,479,M,1
17,480,M,3
17,481,M,1
17,482,M,1
17,483,M,2
17,484,M,2
17,485,M,1
17,486,M,1
17,487,M,2
17,488,M,1
17,489,M,1
17,490,M,2
17,491,M,1
17,492,M,1
17,493,M,2
17,494,M,1
17,495,M,1
17,496,M,4
17,497,M,1
17,498,M,2
17,499,M,1
17,500,M,1
17,501,M,1
17,265,M,1
17,502,M,1
17,503,M,1
17,504,M,1
17,505,M,1
17,506,M,1
17,507,M,1
17,508,M,1
17,509,M,1
17,151,M,1
17,510,M,1
17,511,M,1
17,512,M,1
17,513,M,1
17,42,M,1
17,514,M,1
17,515,M,2
17,516,M,3
17,517,M,1
17,518,M,1
17,519,M,2
17,520,M,1
17,521,M,4
17,522,M,2
17,523,M,1
17,524,M,5
17,525,M,3
17,526,M,1
17,527,M,1
17,528,M,4
17,529,M,1
17,530,M,4
17,531,M,1
17,532,M,1
17,533,M,1
17,534,M,1
17,535,M,1
17,536,M,4
17,274,M,1
17,537,M,1
17,48,M,20
17,49,M,5
17,538,M,3
17,539,M,1
17,540,M,1
17,541,M,3
17,542,M,1
17,543,M,4
31,1055,M,1
31,53,M,3
31,1056,M,1
31,798,M,1
31,1057,M,1
31,1058,M,2
31,210,M,1
31,58,M,2
31,818,M,1
31,1059,M,4
31,22,M,1
31,1060,M,1
31,1061,M,1
31,825,M,1
31,69,M,1
31,190,M,1
31,31,M,2
31,89,M,1
31,192,M,2
31,841,M,1
31,202,M,1
48,156,M,1
48,166,M,4
48,74,M,2
48,1395,M,1
48,207,M,1
48,10,M,5
48,373,M,4
48,377,M,1
48,380,M,1
48,382,M,2
48,13,M,4
48,180,M,1
48,412,M,1
48,418,M,1
48,17,M,2
48,442,M,1
48,25,M,4
48,461,M,2
48,69,M,4
48,468,M,1
48,31,M,4
48,471,M,1
48,32,M,4
48,475,M,1
48,480,M,1
48,516,M,1
48,521,M,1
48,536,M,1
48,48,M,10
48,538,M,1
49,120,M,2
49,1396,M,1
49,53,M,2
49,1397,M,1
49,1398,M,2
49,8,M,1
49,350,M,1
49,1399,M,1
49,1400,M,1
49,1401,M,1
49,58,M,2
49,1402,M,1
49,1403,M,1
49,82,M,2
49,1404,M,1
49,1405,M,1
49,1406,M,1
49,1407,M,1
49,1408,M,1
49,259,M,1
49,26,M,1
49,452,M,1
49,467,M,1
49,1409,M,1
49,1410,M,1
49,151,M,8
49,629,M,1
49,49,M,1
18,1,M,6
18,23,M,4
18,26,M,4
18,267,M,4
36,1,M,2
36,167,M,5
36,660,M,4
36,1207,M,1
36,8,M,4
36,1208,M,5
36,695,M,1
36,1209,M,2
36,1210,M,1
36,146,M,1
36,128,M,3
36,19,M,3
36,1211,M,1
36,1212,M,1
36,21,M,17
36,1158,M,3
36,1213,M,1
36,26,M,3
36,1214,M,6
36,136,M,4
41,1306,M,1
41,0,M,1
41,1,M,1
41,1307,M,1
41,946,M,3
41,933,M,1
41,165,M,8
41,166,M,32
41,1308,M,1
41,2,M,9
41,53,M,14
41,167,M,1
41,651,M,1
41,951,M,6
41,920,M,2
41,795,M,1
41,318,M,5
41,1309,M,3
41,955,M,1
41,5,M,6
41,6,M,1
41,956,M,1
41,958,M,3
41,1310,M,1
41,1311,M,1
41,1312,M,1
41,797,M,1
41,1123,M,1
41,963,M,1
41,1313,M,1
41,1314,M,1
41,1315,M,1
41,1316,M,1
41,77,M,1
41,8,M,2
41,800,M,3
41,171,M,1
41,688,M,1
41,969,M,1
41,173,M,2
41,601,M,1
41,972,M,2
41,10,M,90
41,57,M,2
41,174,M,8
41,175,M,6
41,373,M,4
41,210,M,14
41,11,M,2
41,58,M,19
41,1317,M,1
41,1318,M,1
41,126,M,1
41,1319,M,1
41,13,M,6
41,1320,M,1
41,179,M,13
41,180,M,3
41,1321,M,1
41,981,M,4
41,727,M,1
41,984,M,3
41,985,M,3
41,82,M,3
41,15,M,3
41,182,M,1
41,1322,M,1
41,989,M,1
41,991,M,6
41,252,M,1
41,19,M,1
41,1323,M,1
41,21,M,1
41,85,M,1
41,22,M,1
41,185,M,2
41,996,M,1
41,997,M,3
41,1001,M,1
41,25,M,6
41,610,M,15
41,86,M,1
41,26,M,4
41,216,M,2
41,187,M,1
41,928,M,2
41,1007,M,5
41,909,M,5
41,189,M,4
41,1008,M,1
41,929,M,1
41,1012,M,1
41,29,M,28
41,30,M,1
41,69,M,6
41,190,M,1
41,31,M,7
41,32,M,8
41,33,M,7
41,1017,M,1
41,191,M,1
41,1324,M,1
41,829,M,2
41,1325,M,1
41,36,M,1
41,1021,M,3
41,1024,M,2
41,108,M,1
41,64,M,2
41,1026,M,8
41,37,M,4
41,1326,M,1
41,192,M,6
41,1054,M,1
41,505,M,1
41,134,M,1
41,41,M,4
41,269,M,3
41,916,M,2
41,222,M,1
41,1034,M,5
41,193,M,3
41,43,M,1
41,44,M,1
41,194,M,1
41,195,M,1
41,1327,M,1
41,47,M,2
41,1328,M,1
41,48,M,6
41,52,M,1
41,1048,M,1
41,1049,M,1
24,1,M,1
24,3,M,1
24,113,M,1
24,84,M,1
24,861,M,1
24,34,M,1
24,862,M,1
24,863,M,1
45,53,M,3
45,866,M,1
45,867,M,1
45,168,M,1
45,1370,M,1
45,901,M,1
45,55,M,1
45,169,M,1
45,871,M,1
45,872,M,1
45,876,M,1
45,10,M,2
45,101,M,1
45,879,M,1
45,58,M,4
45,1371,M,1
45,180,M,1
45,882,M,1
45,19,M,1
45,102,M,2
45,25,M,5
45,1372,M,1
45,26,M,2
45,885,M,1
45,886,M,1
45,888,M,1
45,103,M,3
45,890,M,3
45,45,M,3
45,896,M,1
45,785,M,1
27,917,M,1
27,918,M,2
27,53,M,2
27,919,M,1
27,920,M,2
27,921,M,1
27,5,M,5
27,922,M,2
27,104,M,3
27,923,M,1
27,924,M,1
27,10,M,1
27,710,M,2
27,81,M,3
27,727,M,1
27,925,M,1
27,21,M,1
27,107,M,1
27,926,M,1
27,927,M,1
27,928,M,2
27,929,M,1
27,29,M,3
27,755,M,1
27,930,M,2
27,108,M,1
27,64,M,3
27,931,M,1
27,136,M,1
28,932,M,1
28,0,M,4
28,933,M,1
28,934,M,1
28,316,M,1
28,6,M,7
28,237,M,2
28,8,M,1
28,935,M,1
28,936,M,1
28,604,M,1
28,112,M,3
28,246,M,2
28,82,M,1
28,20,M,9
28,610,M,4
28,60,M,2
28,937,M,2
28,938,M,1
28,909,M,1
28,62,M,1
28,33,M,3
28,36,M,3
28,41,M,3
28,151,M,1
28,270,M,2
28,939,M,1
28,940,M,1
28,225,M,2
28,941,M,1
28,942,M,2
28,943,M,2
28,633,M,1
30,1050,M,1
30,670,M,2
30,1051,M,1
30,1052,M,1
30,30,M,3
30,1053,M,1
30,1054,M,1
35,1100,M,1
35,1101,M,3
35,1102,M,1
35,1103,M,1
35,1104,M,1
35,53,M,1
35,1105,M,1
35,1106,M,1
35,1107,M,1
35,1108,M,1
35,1109,M,1
35,1110,M,1
35,1111,M,1
35,1112,M,1
35,1113,M,1
35,1114,M,1
35,1115,M,3
35,1116,M,1
35,1117,M,1
35,1118,M,1
35,1119,M,1
35,5,M,1
35,1120,M,1
35,1121,M,1
35,1122,M,1
35,1123,M,2
35,76,M,1
35,1124,M,1
35,1125,M,1
35,1126,M,1
35,7,M,2
35,1127,M,2
35,1128,M,1
35,1129,M,1
35,1130,M,1
35,1131,M,1
35,1132,M,1
35,1133,M,1
35,562,M,1
35,1134,M,1
35,1135,M,1
35,1136,M,1
35,1137,M,1
35,10,M,1
35,57,M,1
35,565,M,1
35,1138,M,1
35,1139,M,1
35,1140,M,1
35,1141,M,1
35,1142,M,1
35,1143,M,1
35,11,M,7
35,58,M,1
35,126,M,8
35,1144,M,1
35,1145,M,1
35,1146,M,1
35,13,M,1
35,179,M,1
35,246,M,2
35,1147,M,1
35,1148,M,1
35,1149,M,1
35,1150,M,1
35,1151,M,1
35,1152,M,1
35,578,M,5
35,1153,M,1
35,19,M,4
35,1154,M,1
35,1155,M,2
35,1156,M,1
35,1157,M,2
35,1158,M,1
35,1159,M,3
35,1160,M,1
35,737,M,1
35,1161,M,1
35,1162,M,1
35,1163,M,1
35,1164,M,1
35,1165,M,2
35,1166,M,1
35,1167,M,1
35,132,M,1
35,1168,M,1
35,1169,M,1
35,1170,M,1
35,1171,M,2
35,1172,M,2
35,585,M,2
35,1173,M,1
35,1174,M,1
35,1175,M,1
35,1176,M,1
35,1177,M,1
35,1178,M,1
35,1179,M,1
35,1180,M,1
35,1181,M,1
35,1182,M,1
35,1183,M,1
35,1184,M,1
35,1185,M,1
35,1186,M,1
35,1187,M,2
35,1188,M,1
35,40,M,2
35,1189,M,1
35,1190,M,1
35,1191,M,1
35,1192,M,1
35,890,M,1
35,1193,M,1
35,1194,M,2
35,1195,M,2
35,271,M,2
35,193,M,1
35,525,M,1
35,1196,M,1
35,1197,M,1
35,1198,M,1
35,629,M,1
35,1199,M,1
35,1200,M,1
35,1201,M,1
35,1202,M,1
35,1203,M,1
35,1204,M,1
35,47,M,4
35,1205,M,1
35,1206,M,2
38,1243,M,1
38,1244,M,2
38,1245,M,2
38,1246,M,6
38,1247,M,7
38,1248,M,1
38,1249,M,2
38,1250,M,1
38,173,M,1
38,1251,M,1
38,601,M,6
38,10,M,2
38,57,M,1
38,1252,M,1
38,13,M,6
38,1253,M,1
38,1155,M,1
38,1254,M,1
38,1255,M,5
38,1256,M,3
38,1257,M,1
38,1258,M,1
38,1259,M,3
38,1260,M,7
38,33,M,4
38,64,M,1
38,1261,M,2
38,1262,M,2
38,38,M,2
38,1263,M,8
38,1264,M,1
38,1265,M,3
38,1266,M,1
38,1267,M,1
38,1268,M,2
38,1269,M,1
38,1270,M,2
38,1271,M,1
38,1272,M,2
38,1273,M,1
38,1274,M,1
38,1275,M,1
38,1276,M,1
38,1277,M,1
39,900,M,1
39,0,M,2
39,168,M,1
39,903,M,1
39,9,M,6
39,101,M,1
39,248,M,2
39,25,M,1
39,26,M,2
39,885,M,1
39,262,M,2
39,1278,M,1
39,894,M,1
43,1337,M,1
43,0,M,4
43,196,M,4
43,1338,M,1
43,1339,M,1
43,2,M,2
43,53,M,4
43,318,M,1
43,1340,M,1
43,74,M,1
43,76,M,6
43,1341,M,1
43,123,M,1
43,1127,M,5
43,1342,M,1
43,1131,M,3
43,125,M,1
43,564,M,1
43,1343,M,1
43,1344,M,1
43,1345,M,1
43,11,M,4
43,58,M,3
43,126,M,4
43,1346,M,1
43,81,M,1
43,246,M,2
43,247,M,1
43,1347,M,1
43,1297,M,2
43,1149,M,5
43,181,M,1
43,200,M,1
43,19,M,2
43,1161,M,1
43,1301,M,1
43,1348,M,1
43,1349,M,1
43,1350,M,1
43,1179,M,3
43,1180,M,5
43,1351,M,1
43,1352,M,1
43,1353,M,1
43,40,M,6
43,1354,M,1
43,43,M,2
43,1196,M,3
43,203,M,2
43,1327,M,1
43,1200,M,1
43,1202,M,1
43,47,M,30
43,275,M,1
46,1,M,1
46,8,M,1
46,1373,M,1
46,1374,M,1
46,395,M,1
46,13,M,3
46,1375,M,1
46,1253,M,1
46,200,M,1
46,1155,M,1
46,23,M,1
46,26,M,1
46,267,M,1
46,1266,M,1
46,193,M,1
46,533,M,1
46,1047,M,1
50,37,M,1
51,1411,M,1
51,53,M,1
51,1412,M,1
51,1413,M,1
51,1414,M,1
51,1415,M,1
51,1416,M,1
51,58,M,1
51,395,M,1
51,1417,M,1
51,1418,M,1
51,1419,M,1
51,82,M,2
51,1420,M,1
51,22,M,1
51,1421,M,1
51,1422,M,1
51,450,M,1
51,195,M,1
51,533,M,1
